{"cameraMode":{"drawMode":0,"name":"Shaded","section":"Shading Mode"},"sceneLighting":true,"audioPlay":false,"sceneViewState":{"showFog":true,"showMaterialUpdate":false,"showSkybox":true,"showFlares":true,"showImageEffects":true,"showParticleSystems":true},"in2DMode":false,"pivot":{"x":-0.08906108140945435,"y":-1.1208412647247315,"z":0.6302204132080078},"rotation":{"x":-0.20866701006889344,"y":0.6799923181533814,"z":-0.21169719099998475,"w":-0.6702712774276733},"size":7.5430498123168949,"orthographic":false}