{"cameraMode":{"drawMode":0,"name":"Shaded","section":"Shading Mode"},"sceneLighting":true,"audioPlay":false,"sceneViewState":{"showFog":true,"showMaterialUpdate":false,"showSkybox":true,"showFlares":true,"showImageEffects":true,"showParticleSystems":true},"in2DMode":false,"pivot":{"x":-13.271535873413086,"y":-21.25145149230957,"z":-9.831036567687989},"rotation":{"x":-0.12590621411800385,"y":0.8707539439201355,"z":-0.29272952675819399,"w":-0.3745271563529968},"size":56.60987091064453,"orthographic":false}