{"cameraMode":{"drawMode":0,"name":"Shaded","section":"Shading Mode"},"sceneLighting":true,"audioPlay":false,"sceneViewState":{"showFog":true,"showMaterialUpdate":false,"showSkybox":true,"showFlares":true,"showImageEffects":true,"showParticleSystems":true},"in2DMode":false,"pivot":{"x":1.7334561347961426,"y":3.858628749847412,"z":-2.8292670249938967},"rotation":{"x":0.1244305893778801,"y":0.029758544638752939,"z":-0.0037333855871111156,"w":0.9917815327644348},"size":7.597410202026367,"orthographic":false}