{"cameraMode":{"drawMode":0,"name":"Shaded","section":"Shading Mode"},"sceneLighting":true,"audioPlay":false,"sceneViewState":{"showFog":true,"showMaterialUpdate":false,"showSkybox":true,"showFlares":true,"showImageEffects":true,"showParticleSystems":true},"in2DMode":false,"pivot":{"x":0.5504426956176758,"y":0.4267725348472595,"z":-0.21999455988407136},"rotation":{"x":-0.19789265096187592,"y":0.5727928280830383,"z":-0.14492057263851167,"w":-0.7821480631828308},"size":6.756152629852295,"orthographic":false}